{
  "project_info": {
    "project_number": "928060325001",
    "firebase_url": "https://fooddelivery-181f8.firebaseio.com",
    "project_id": "fooddelivery-181f8",
    "storage_bucket": "fooddelivery-181f8.appspot.com"
  },
  "client": [
    {
      "client_info": {
        "mobilesdk_app_id": "1:928060325001:android:f537efbaf95c2a2d",
        "android_client_info": {
          "package_name": "com.webmyne.fooddelivery"
        }
      },
      "oauth_client": [
        {
          "client_id": "928060325001-h5sr01loairi4697opbvsu7rvr4arlch.apps.googleusercontent.com",
          "client_type": 1,
          "android_info": {
            "package_name": "com.webmyne.fooddelivery",
            "certificate_hash": "7457995302ea57cb27482ff56c67a849a80f3a9a"
          }
        },
        {
          "client_id": "928060325001-l05ebb08fsc05ckeb55s6os2hda33se9.apps.googleusercontent.com",
          "client_type": 3
        }
      ],
      "api_key": [
        {
          "current_key": "AIzaSyC3awm11xjoDqhIcLTSka45a-smJ2qAx40"
        }
      ],
      "services": {
        "appinvite_service": {
          "other_platform_oauth_client": [
            {
              "client_id": "928060325001-l05ebb08fsc05ckeb55s6os2hda33se9.apps.googleusercontent.com",
              "client_type": 3
            }
          ]
        }
      }
    }
  ],
  "configuration_version": "1"
}